{
  "best_params": {
    "hidden_size": 128,
    "num_layers": 2,
    "dropout": 0.30000000000000004,
    "lr": 0.0034321268023110676,
    "batch_size": 32,
    "seq_len": 10,
    "alpha": 3.5,
    "beta": 0.3,
    "move_threshold": 1.3,
    "gamma": 1.5
  },
  "best_value": 0.20881769674064846
}