{
  "best_params": {
    "hidden_size": 64,
    "num_layers": 2,
    "dropout": 0.4,
    "lr": 0.0013843921157751767,
    "batch_size": 32,
    "seq_len": 40,
    "alpha": 5.5,
    "beta": 0.4,
    "move_threshold": 1.6,
    "gamma": 1.0
  },
  "best_value": 0.20048134894054112
}