{
  "best_params": {
    "hidden_size": 64,
    "num_layers": 2,
    "dropout": 0.4,
    "lr": 0.0012528144719848886,
    "batch_size": 32,
    "seq_len": 20,
    "alpha": 9.0,
    "beta": 0.3,
    "move_threshold": 1.1,
    "gamma": 1.0
  },
  "best_value": 0.1505761453005036
}