{
  "best_params": {
    "hidden_size": 64,
    "num_layers": 2,
    "dropout": 0.30000000000000004,
    "lr": 0.0022567452307466172,
    "batch_size": 32,
    "seq_len": 10,
    "alpha": 3.5,
    "beta": 0.4,
    "move_threshold": 1.5,
    "gamma": 1.5
  },
  "best_value": 0.26744475388682354
}