{
  "best_params": {
    "hidden_size": 128,
    "num_layers": 2,
    "dropout": 0.4,
    "lr": 0.00041419097038483313,
    "batch_size": 64,
    "seq_len": 20,
    "alpha": 9.5,
    "beta": 0.4,
    "move_threshold": 1.3,
    "gamma": 2.0
  },
  "best_value": 0.24890807101948384
}